index,block_timestamp,previous_hash,nonce,hash,sender,receiver,amount,transaction_timestamp,transaction_id
1,1718094327.2662914,7f687a2864ffea3562df7cc93559593501142ca7b114390f32f8d73f89fb8306,103208,0000646bf197ba5ccad761e6273576e26c975e6b3187b55dbfcca1cb31d12da2,19vqAsjNhmHGkCvtT5q4XskwsCXWN3bGef,19vUepw3asUSkKbHa2Lcr8c5WfA8LrdfmD,1000.0,1718094327.2652915,20c2901f64e77b45f8b65dbeffd9408dcadc227ec7745e6a2fddd0ecd1688bba
10,1718107032.6423547,0000ba29f9b473f30ee2d7e3bfa90fea274ca5371913b0d7001c18cb1787f139,45186,000052c2f731ec9144c4e506a7c2326828e556445a0107431f5139b82b53955c,14xjWdjSzSZwe3xxp8V6tKHhES9Yqi4a4q,19vqAsjNhmHGkCvtT5q4XskwsCXWN3bGef,44.0,1718107032.6423547,13c43a30daf23c302d67dbdb4a489e3185184de363b6cf90bf98c4e07fb7ff23
11,1718107457.1140363,0000ba29f9b473f30ee2d7e3bfa90fea274ca5371913b0d7001c18cb1787f139,47785,00008ec4a400c6a7abc9b167006fa2593157da7a6c3f04bb49c47ae01b3f5610,14xjWdjSzSZwe3xxp8V6tKHhES9Yqi4a4q,1BcpyhqhgHxcKy3Fh8ECoEnHpJVrkkHxFQ,44.0,1718107457.1140363,68ba39fb980d6fb58738fdc12d40eaa1eab0105ebb0eb80a0989258416feefc7
12,1718108046.3479683,0000ba29f9b473f30ee2d7e3bfa90fea274ca5371913b0d7001c18cb1787f139,41443,0000f76b3821d8086e052b308b8e0386ca019b1a373148ff250d36f10218f7cb,19kLkiiXhWDfxv62PgtoiVcEUrthUiFpb,1MDUuLtfFFU5cUczDvciDZ3FP2TsGBxfUz,44.0,1718108046.3479683,949238ebb99e6c320e000fcdbc5f35f94408831631e92ed8a685eac2e7e74a39
13,1718108348.857587,0000ba29f9b473f30ee2d7e3bfa90fea274ca5371913b0d7001c18cb1787f139,108992,00009b43f6537e3adcea4f1eceff70b81288d9b9f152a2820c88267e8d82abf9,1MDUuLtfFFU5cUczDvciDZ3FP2TsGBxfUz,19kLkiiXhWDfxv62PgtoiVcEUrthUiFpb,44.0,1718108348.857587,169e9c0d40dd33ed5bb2918005f7f069753d529ccc8ff9891d6589b59b9d2193
14,1718108998.4088547,0000ba29f9b473f30ee2d7e3bfa90fea274ca5371913b0d7001c18cb1787f139,30862,0000a87307a51fdaec9d2c41fb93e08edd98a5be930b0fe981b8cd615f3127cd,19kLkiiXhWDfxv62PgtoiVcEUrthUiFpb,1MDUuLtfFFU5cUczDvciDZ3FP2TsGBxfUz,44.0,,21e593570e7e143458c047f2b6fe964ec71b8b67d408e9a7368676757cae28d2
15,1718109048.9927638,0000a87307a51fdaec9d2c41fb93e08edd98a5be930b0fe981b8cd615f3127cd,39829,0000e56872b22310b5c0a19e9a495dccbb2598263aab5d3665fc8cbd1ecd3abd,,1JUy4aWySA5ZjiT937pwS6U4v4ZEdqJBj8,1.0,,78e31af335ffa1729723e76bf80d466c0d89991d7da4d7cbfa8a35862c6a1541
15,1718109048.9927638,0000a87307a51fdaec9d2c41fb93e08edd98a5be930b0fe981b8cd615f3127cd,39829,0000e56872b22310b5c0a19e9a495dccbb2598263aab5d3665fc8cbd1ecd3abd,19kLkiiXhWDfxv62PgtoiVcEUrthUiFpb,1MDUuLtfFFU5cUczDvciDZ3FP2TsGBxfUz,55.0,,bc7bab99e4b37808e0e21b8c8d8f2cfc4f98844a1a67b57e55c02f9c33331fed
16,1718109412.1257086,0000ba29f9b473f30ee2d7e3bfa90fea274ca5371913b0d7001c18cb1787f139,40595,00007b78387a044bb754dd155a70c90f2284518419eb463fd93af28afc36837d,15XJ1CWkqtn6NTuxsBx5tHN3xMbHarSUV6,1Ef15rrWHiyx6zu7AfbWZTxpcvh482Kqct,14.0,,7acd09977b35bfabc934ea4ade7a2052f0853ab7716b39f6b8dd56f195d3a39d
17,1718109648.9295235,0000ba29f9b473f30ee2d7e3bfa90fea274ca5371913b0d7001c18cb1787f139,59027,0000b9346c5811884fa2f25568259467027d272c5c50feca034c30c0468c4f1d,17Z1evuj84ETSRw55WLx2wEQcoGNFJstBM,16bnd3f6DbiF6Jo4D5oSW4GNffFrcvtuLn,44.0,,c3328b4a34cc3547de6603916578cbaef3990d064572dd41da08bc0341dfe5e0
18,1718110953.4812043,0000ba29f9b473f30ee2d7e3bfa90fea274ca5371913b0d7001c18cb1787f139,118130,0000f8d2c5c661c41edd277878e75a37db1cb888ccd5f1eee826b1e1ba7b0413,16bnd3f6DbiF6Jo4D5oSW4GNffFrcvtuLn,17UyRAsusexTvXm5t32s4B31yGp7bgBp5U,10.0,,f73a53dcc6ab6698e07f2bb87c8543163e9553cca7cd244aa8c89775124dd431
19,1718111189.2495277,0000ba29f9b473f30ee2d7e3bfa90fea274ca5371913b0d7001c18cb1787f139,30684,0000232b0de9bb7e992c2b93f506fe9f1fe06941da01a51629d14b3f2481a982,12nNQDqqXUWJRmnp9ahjSrruQVbUVCtfzG,12WeNmaNndSBkE7w1yuf2cSG4fHjCcW8iC,100.0,,02d80db51b01c0997ea631290b947226ed873b24f2d57a9f6ec3f25c670b9acc
2,1718094398.602422,0000646bf197ba5ccad761e6273576e26c975e6b3187b55dbfcca1cb31d12da2,152914,0000f55c0204f67bd272089f479392b6a69c41dab37e0529f5811bc9ec95ec1a,1KtPaa4A7QUzKp2cKSwW9TxLHcbM8dFMxg,19vUepw3asUSkKbHa2Lcr8c5WfA8LrdfmD,10.0,1718094398.6014311,1a36a80e6ff7b7550168304ec2cc61f9b611edd02b1be2517efe044d58500e97
20,1718111526.176623,0000ba29f9b473f30ee2d7e3bfa90fea274ca5371913b0d7001c18cb1787f139,22110,000045cbf7e3f8abb97d3325780544a170ae2ca1a58f9b5c46a91633159156f9,1GvUvF7vwQgDUNSj1qdfCp4yioGa5rVFSb,12nNQDqqXUWJRmnp9ahjSrruQVbUVCtfzG,10.0,,74f9ece3f0b0cb1d60f47afc8d2e9db86c92999562a1bae3f8c0f3e66dc11dfb
21,1718112188.4496877,0000ba29f9b473f30ee2d7e3bfa90fea274ca5371913b0d7001c18cb1787f139,6022,0000e65fa52ce55a04ac4a9462695bffed9f627bd3f264a9213da40d87d93a23,12nNQDqqXUWJRmnp9ahjSrruQVbUVCtfzG,12WeNmaNndSBkE7w1yuf2cSG4fHjCcW8iC,100.0,,02d80db51b01c0997ea631290b947226ed873b24f2d57a9f6ec3f25c670b9acc
22,1718112946.0155094,0000ba29f9b473f30ee2d7e3bfa90fea274ca5371913b0d7001c18cb1787f139,31948,00006f9773eedee3599c9caa433d2ff99a42b550d51d85d490bb0f033f3b79be,12WeNmaNndSBkE7w1yuf2cSG4fHjCcW8iC,12nNQDqqXUWJRmnp9ahjSrruQVbUVCtfzG,22.0,,a9f1aaa19707efa7b6c45e42dd965ef3168df9085d16e19ed4dfda8e82e72a5b
23,1718174553.138286,0000ba29f9b473f30ee2d7e3bfa90fea274ca5371913b0d7001c18cb1787f139,8959,000097e93f11a766eab9346b08bdc8d5e648acac218da9f820ec31ddea93411c,12WeNmaNndSBkE7w1yuf2cSG4fHjCcW8iC,13Ve3m5hb4mc3EFveft7shQrhKqbMVd7qe,22.0,,08c6da39eb94ca6cd8fcf3f903ae6de22ac26eccee805bb341adc4d44d038ff4
24,1718177769.1213036,0000ba29f9b473f30ee2d7e3bfa90fea274ca5371913b0d7001c18cb1787f139,66474,00002dc961a372858de596af798005eeeda5d55dde268a9759816e57a6a5d8c6,1Q7pcgZCBeWzxBJzPCKiscNXXtXz7LtTeU,1KtPaa4A7QUzKp2cKSwW9TxLHcbM8dFMxg,2.0,,a165aa90a617fd466e8e3138c71f7b1b494061f6df57a900a8560ef7ba056d8d
25,1718177826.8726847,0000ba29f9b473f30ee2d7e3bfa90fea274ca5371913b0d7001c18cb1787f139,366154,0000690f64acd823fdcbe16d97fcb59e5a982f5d4de04f113cad82bc8c9c0280,134E29wJTLE2g6S9pYTwVD7jVadAqkK73o,1KtPaa4A7QUzKp2cKSwW9TxLHcbM8dFMxg,4.0,,cdd9070a3031b669e8bae5d34b586268583579e713462f467115de4c930dbcaa
26,1718178237.6950157,0000ba29f9b473f30ee2d7e3bfa90fea274ca5371913b0d7001c18cb1787f139,18907,0000971582be2711a36a00e3f0e3285cbea38075c73a6d7438e32bcda9b43bd7,1D1fKwb6k1y2JZEqC1kzFHGUiWaqywBNxV,17HG7fxcH3kmngwEYd9nzrXTa4PJR9x7uX,8.0,,abb7b3046b35371302938247bf0e8fd231d233f06396b575b99f0276c9d14e9d
27,1718178442.9674861,0000ba29f9b473f30ee2d7e3bfa90fea274ca5371913b0d7001c18cb1787f139,36441,0000043d02b52ad050b08af3b1f11533374a286e898d313864269e0cac65b8a4,1P164evYoCin9qEAQw5bHb9b3DNAcB8oHT,1C8Q8gfwA3rFXnaJruoYeMhzeF1gFoJYZJ,4.0,,194ec76f6d2337a569cdabcac597d4e8ead1ff6dd6873c32ccc13d41b6ff7c0e
28,1718178650.5820358,0000ba29f9b473f30ee2d7e3bfa90fea274ca5371913b0d7001c18cb1787f139,12396,00001e4457c5f18bc661bdc2dec50f2ae2a723079215cadc403c8e2d83dc9d8b,1C8Q8gfwA3rFXnaJruoYeMhzeF1gFoJYZJ,1Bn172vTT2Eh6y7u4VuR3toxgq6Fs4d2e5,2.0,,9bb608909148f43360bcb2b5d67839b892198bc13c120804af68c5929df856fe
3,1718098065.3451746,0000f55c0204f67bd272089f479392b6a69c41dab37e0529f5811bc9ec95ec1a,90379,0000ab9abc711d9be3ffdf54c529289fe783a806a9e643c0d29faa4cab22649f,1Q7pcgZCBeWzxBJzPCKiscNXXtXz7LtTeU,1KtPaa4A7QUzKp2cKSwW9TxLHcbM8dFMxg,100000.0,1718098065.3441725,17333ec688b4a15b4841a0ed1ccf5d0d522095bc39f26fdd7946b0ec98c1e286
4,1718098379.4859655,0000ab9abc711d9be3ffdf54c529289fe783a806a9e643c0d29faa4cab22649f,52758,00001bb5fb71b91110958e48c889d8da21e64ebabab43e2b8a28a64752085b7e,1Q7pcgZCBeWzxBJzPCKiscNXXtXz7LtTeU,1KtPaa4A7QUzKp2cKSwW9TxLHcbM8dFMxg,66.0,1718098379.4859655,1d94b1b0ec55e3f63b63d583ccf9d9bc7e5081919a92bceeca4f818bc3704e0d
5,1718102254.7743833,00001bb5fb71b91110958e48c889d8da21e64ebabab43e2b8a28a64752085b7e,20375,00001ce9ef3baa628a4212d42594648b77f220532236e33394282dc813244a6e,1K8KnE2JvDaXs4X6yJ94f1as1nTeECKqNx,17HG7fxcH3kmngwEYd9nzrXTa4PJR9x7uX,44.0,1718102254.7733905,5589b2e987eba506adac129ec814d50ef2d90da38d94303fe4412b780a61dae7
6,1718103006.6312287,00001ce9ef3baa628a4212d42594648b77f220532236e33394282dc813244a6e,13252,0000c774d0f9fe8c688324c44ee731da5f0092b9e0e67b437779f03c5ffb714a,17HG7fxcH3kmngwEYd9nzrXTa4PJR9x7uX,1K8KnE2JvDaXs4X6yJ94f1as1nTeECKqNx,10.0,1718103006.6312287,33ff29d6d3499c03e7b7cc5ad8d99c68609497bb938d34b45bfe875fd9abb77a
7,1718103133.0216796,0000c774d0f9fe8c688324c44ee731da5f0092b9e0e67b437779f03c5ffb714a,24728,0000bfc6906dfdb0178d96c32ea44e7005209ce499e460f77b36a47d611793d5,15jSwXiBeraf1zNVQXz3z1CdPDAxQFyQs6,1DRbfxiRwVG2qXRFEV4g3zvsUygvck9vsA,44.0,1718103133.0216796,ef8e3f4eeab785767f526be7f49d8454abcb9a3179c51feca14764330c59284a
8,1718103523.4447773,0000bfc6906dfdb0178d96c32ea44e7005209ce499e460f77b36a47d611793d5,4053,0000647d388a44145db5a66fe4977018aa425917988deae979b9271d87e5e282,15jSwXiBeraf1zNVQXz3z1CdPDAxQFyQs6,1DRbfxiRwVG2qXRFEV4g3zvsUygvck9vsA,45.0,1718103523.4447773,b63322170570c2f85bc4598253e710d480917e2f62041230793e8a8e2cea54d9
9,1718105255.241021,0000647d388a44145db5a66fe4977018aa425917988deae979b9271d87e5e282,12787,0000ba29f9b473f30ee2d7e3bfa90fea274ca5371913b0d7001c18cb1787f139,1ERDxC2HpQxAfUxfnNtpPYzM6V4kgzunZn,14zDDAadei99wtWBV62ai5vNfmMcqyXJvE,45.0,1718105255.2400286,cf6caed5c91c8c3721076f909450f8d1e7d73954ba3d396f2cba0c3040fabdf2
